keyword,title,description,url
UMKM,Usaha mikro kecil menengah,"Hari UMKM Nasional 12 Agustus Hari UMKM Nasional, yang diperingati setiap tanggal 12 Agustus, adalah momen penting di Indonesia yang didedikasikan untuk menghargai dan mengakui peran penting Usaha Mikro, Kecil, dan Menengah (UMKM) dalam perekonomian negara. Hari ini adalah kesempatan untuk merayakan kontribusi UMKM dalam menciptakan lapangan kerja, mempromosikan inovasi, dan meningkatkan pertumbuhan ekonomi di tingkat lokal dan nasional. Sejarah Hari UMKM Hari UMKM Nasional  dicetuskan pada tahun 2016 oleh Asosiasi BDS Indonesia (ABDSI). Saat itu pada Rabu, 16 Juni 2016 Ketua Umum Asosiasi BDS Indonesia (ABDSI), Samsul Hadi beserta delegasi DPN ABDSI, melakukan kunjungan ramah tamah ke kediaman Ibu Meutia Hatta, dalam rangka menyampaikan hasil Kongres Nasional UMKM dan Temu Nasional Pendamping UMKM Kedua yang telah dilaksanakan pada 25-26 Mei 2016 di Yogyakarta.

Dalam kunjungan ini, Samsul Hadi menyampaikan bahwa peserta Temu Nasional Pendamping UMKM Kedua, telah sepakat menetapkan tanggal lahir Proklamator Bapak Muhammad Hatta, 12 Agustus sebagai Hari UMKM. Penetapan tersebut dimaksudkan untuk menghargai Muhammad Hatta yang konsisten sebagai tokoh yang memperjuangkan ekonomi kerakyatan Indonesia.

Prof. Dr. Meutia Farida Hatta atau yang akrab dipanggil Meutia Hatta, seorang ahli antropologi dan politikus Indonesia, yang juga mantan Menteri Negara Pemberdayaan Perempuan Indonesia ke-7, selaku putri mantan wakil presiden dan proklamator Indonesia, Mohammad Hatta, menyambut baik kunjungan ini. ""UMKM harus memiliki ruh koperasi yakni semangat bersama-sama menolong diri sendiri"", ungkap Meutia Hatta.

Meutia Hatta berharap penghargaan terhadap almarhum ayahanda, Bapak Muhammad Hatta, dengan memperingati tanggal lahir 12 Agustus sebagai Hari UMKM, dapat merawat sikap asah, asih, asuh dalam semangat gotong royong yang kuat, seperti yang senantiasa dipesankan oleh Bung Hatta.

Dalam kesempatan tersebut, Samsul Hadi juga menyampaikan dokumen lengkap hasil Kongres Nasional UMKM dan Temu Nasional Pendamping Kedua yang diinisiasi oleh Pengurus DPN ABDSI (Ketua Umum Samsul Hadi, Sekretaris Jendral Cahyadi Joko Sukmono, Direktur Eksekutif Yuli Afriyandi) di antaranya:

(1) Piagam Yogyakarta, (2) Deklarasi Hari UMKM, (3) Deklarasi Kode Etik Pendamping dan (4) Tri Dharma UMKM.

Dengan adanya usulan Hari UMKM ini, maka Bangsa Indonesia telah lengkap memiliki hari peringatan untuk gerakan Koperasi pada 12 Juli dan UMKM pada 12 Agustus, sebagai sarana untuk merawat dan membesarkan semangat ekonomi kerakyatan. Usaha mikro kecil menengah adalah istilah umum dalam dunia ekonomi yang merujuk kepada usaha ekonomi produktif yang dimiliki perorangan maupun badan usaha sesuai dengan kriteria yang ditetapkan oleh Undang-undang No. 20 tahun 2008. UMKM dapat berarti bisnis yang dijalankan individu, rumah tangga, atau badan usaha ukuran kecil. Penggolongan UMKM didasarkan batasan omzet pendapatan per tahun, jumlah kekayaan aset, serta jumlah pegawai. Sedangkan yang tidak masuk kategori UMKM atau masuk dalam hitungan usaha besar, yaitu usaha ekonomi produktif yang dijalankan oleh badan usaha dengan total kekayaan bersih atau hasil penjualan tahunan lebih besar dari usaha menengah. UMKM diatur dan dikelompokkan dengan PP Nomor 7 tahun 2021.

Usaha Mikro adalah usaha produktif milik orang perorangan dan/ atau badan usaha perorangan yang memenuhi kriteria Usaha Mikro.

Usaha Kecil adalah usaha ekonomi produktif yang berdiri sendiri, yang dilakukan oleh orang perorangan atau badan usaha yang bukan merupakan anak perusahaan atau bukan cabang perusahaan yang dimiliki, dikuasai, atau menjadi bagian baik langsung maupun tidak langsung dari Usaha Menengah atau usaha besar yang memenuhi kriteria Usaha Kecil.

Usaha Menengah adalah usaha ekonomi produktif yang berdiri sendiri, yang dilakukan oleh orang perorangan atau badan usaha yang bukan merupakan anak perusahaan atau cabang perusahaan yang dimiliki, dikuasai, atau rnenjadi bagian baik langsung maupun tidak langsung dengan Usaha Kecil atau usaha besar yang memenuhi kriteria Usaha Menengah.

Berdasarkan modal usaha yang termasuk kriteria Usaha Mikro adalah yang memiliki modal usaha sampai dengan paling banyak Rp1.000.000.000,00 (satu miliar rupiah) tidak termasuk tanah dan bangunan tempat usaha. Usaha Kecil memiliki modal usaha lebih dari Rp1.000.000.000,00 (satu miliar rupiah) sampai dengan paling banyak Rp5.000.000.000,00 (lima miliar rupiah) tidak termasuk tanah dan bangunan tempat usaha. Usaha Menengah merniliki modal usaha lebih dari Rp5.000.000.000,00 (lima miliar rupiah) sampai dengan paling banyak Rp10.000.000.000,00 (sepuluh miliar rupiah) tidak termasuk tanah dan bangunan tempat usaha.

Berdasarkan hasil penjualan tahunan kriteria Usaha Mikro ialah yang memiliki hasil penjualan tahunan sampai dengan paling banyak Rp2.000.000.000,00 (dua miliar rupiah). Usaha Kecil memiliki hasil penjualan tahunan lebih dari Rp2.000.000.000,00 (dua miliar rupiah) sampai dengan paling banyak Rp15.000.000.000,00 (lima belas miliar rupiah). Usaha Menengah memiliki hasil penjualan tahunan lebih dari Rp15.000.000.000,00 (lima belas miliar rupiah) sampai dengan paling banyak Rp50.000.000.000,00 (lima puluh miliar rupiah). Bantuan UMKM Dalam rangka memulihkan perekonomian Indonesia karena pandemi Covid-19, pemerintah pun menggalakkan beberapa program termasuk Bantuan Langsung Tunai (BLT) untuk UMKM (Usaha Mikro, Kecil, Menengah).

Untuk mendapatkan bantuan yang kemudian Bantuan Presiden Produktif Untuk Usaha Menengah (BPUM) ini maka masyarakat harus memenuhi beberapa ketentuan dan persyaratannya.

Berikut informasi lengkap mengenai persyaratan dan prosedur pelaksanaan program BLT UMKM dari Kementerian Koperasi dan UMKM. Syarat Bantuan UMKM Berikut kriteria dan syarat orang yang bisa mengajukan Bantuan Presiden Produktif Untuk Usaha Menengah (BPUM)

Warga Negara Indonesia (WNI)
Punya Nomor Induk Kependudukan (NIK)
Punya Usaha mikro yang dibuktikan surat usulan calon penerima dan pengusul BPUM serta lampirannya yang merupakan satu kesatuan
Tidak sedang menerima kredit atau pembiayaan dari perbankan dan KUR
Bukan ASN, anggota TNI/Polri, pegawai BUMN atau BUMD
Bagi pelaku usaha mikro yang alamat KTP dan lokasi usaha berbeda dapat melampirkan Surat Keterangan Usaha (SKU).
Setelah memenuhi beberapa kriteria dan syarat, pelaku UMKM harus mendaftar. Berikut cara mendaftar Bantuan Presiden Produktif Untuk Usaha Menengah (BPUM) :

Calon penerima BPUM diusulkan pengusul BPUM. Para pengusul penerima bantuan UMKM sendiri antara lain dinas yang bertanggung jawab atas koperasi dan UKM, koperasi yang disahkan sebagai badan hukum, kementerian atau lembaga, perbankan dan perusahaan pembiayaan yang terdaftar di OJK serta website www.depkop.go.id menjadi referensi resmi semua informasi terkait Bantuan UMKM.
Setelah itu pengusul menyampaikan data usulan calon penerima BPUM pada Menteri cq. Deputi penanggung jawab program BPUM secara sekaligus atau bertahap. Data usulan calon penerima BPUM ini sendiri terdiri dari: NIK, nama lengkap, alamat tempat tinggal sesuai KTP, bidang usaha, nomor telepon serta Surat Keterangan Usaha (SKU) dan Nomor Induk Berusaha (NIB). Pengecekan BLT UMKM Setelah mendaftar, maka untuk saatnya untuk melakukan pengecekan apakah kamu mendapatkan bantuan UMKM ini atau tidak. Cara untuk melakukan pengecekan BLT UMKM sendiri bisa dilakukan dengan mengakses laman e-Form BRI, https://eform.bri.co.id/bpum.

Di tahun 2021 ini memang pengecekan dilakukan berbeda dari tahun 2020 dimana orang yang terdaftar diberitahu melalui pesan singkat SMS.

Dari link tersebut masyarakat bisa melakukan pengecekan dengan langkah-langkah sebagai berikut:

Pertama, klik laman https://eform.bri.co.id/bpum
Lalu, isi nomor KTP
Berikutnya, masukkan jawaban hitungan matematika untuk proses verifikasi
Kemudian, klik proses inquiry
Terakhir, akan keluar pemberitahuan apakah Anda berhak mendapat bantuan atau tidak. Klaster UMKM Pengertian klaster menurut Kementerian Koperasi dan UKM adalah kelompok kegiatan yang terdiri atas industri inti, industri terkait, industri penunjang, dan kegiatan- kegiatan ekonomi (sektor-sektor) penunjang yang dalam kegiatannya saling terkait dan saling mendukung",https://id.wikipedia.org/wiki/Usaha_mikro_kecil_menengah
UMKM,"Pengertian UMKM: Kriteria, Aturan, Peran dan Contoh","Pengertian UMKM UMKM merupakan singkatan dari Usaha Mikro, Kecil, dan Menengah. Pada dasarnya, UMKM adalah arti usaha atau bisnis yang dilakukan oleh individu, kelompok, badan usaha kecil, maupun rumah tangga. Indonesia sebagai negara berkembang menjadikan UMKM sebagai pondasi utama sektor perekonomian masyarakat, hal ini dilakukan untuk mendorong kemampuan kemandirian dalam berkembang pada masyarakat khsusunya dalam sektor ekonomi.

Perkembangan UMKM di Indonesia terus meningkat dari segi kualitasnya, hal ini dikarenakan dukungan kuat dari pemerintah dalam pengembangan yang dilakukan kepada para pegiat usaha UMKM, yang mana hal tersebut sangat penting dalam mengantisipasi kondisi perekonomian ke depan serta menjaga dan memperkuat struktur perekonomian nasional. Dengan adanya revolusi digital 4.0, mebuat banyak perubahan kepada UMKM dimana adanya pergeseran gaya belanja konsumen dari offline ke online. Oleh sebab itu, sangat penting bagi calon UMKM atau wirausaha skala UMKM memiliki wawasan yang cukup. Pelajari hal tersebut melalui buku UMKM 4.0 dibawah ini. Kriteria UMKM Ada beberapa kriteria-kriteria tertentu supaya sebuah usaha dapat dikatakan sebagai UMKM, berikut ini adalah penjelasannya:

1. Usaha Mikro
Sebuah usaha bisa dikatakan sebagai UMKM bila memiliki keuntungan dari usahanya sebesar Rp. 300.000.000, dan memiliki aset atau kekayaan bersih minimal sebanyak Rp. 50.000.000. Kriteria dalam UMKM adalah sebuah usaha yang dimiliki oleh suatu lembaga atau badan usaha, atau perseorangan.

2. Usaha Kecil
Usaha kecil adalah usaha yang memiliki pendapatan atau keuntungan dengan jumlah yang lebih kecil.  Hasil keuntungan dari penjualan yang masuk kategori usaha kecil ini berkisar dari angka Rp. 300.000.000 sampai dengan Rp. 2.500.000.000.

3. Usaha Menengah
Usaha menengah adalah usaha yang dijalankan oleh seseorang, lembaga, atau kelompok yang berpatokan dengan peraturan UU. Untuk dapat disebut sebagai usaha menengah, terdapat dua ciri-ciri. Pertama, usaha menengah memiliki keuntungan dari usahanya sebesar Rp. 2.500.000.000 sampai dengan RP. 50.000.000.000 dalam satu tahun. Sementara kekayaan bersih yang dimiliki oleh usaha menengah adalah sebesar Rp. 500.000.000 dalam satu tahun. Undang-undang yang Mengatur UMKM
Secara lebih jelas, pengertian UMKM diatur dalam Undang-Undang Republik Indonesia No. 20 Tahun 2008 tentang UMKM, disebutkan bahwa pengertian UMKM didefinisikan sesuai dengan jenis usahanya, yaitu:

Usaha Mikro
Usaha Mikro merupakan usaha produktif milik orang perorangan dan/atau badan usaha perorangan yang memenuhi kriteria usaha mikro sebagaimana diatur dalam UU tersebut.
Usaha Kecil
Usaha Kecil adalah usaha ekonomi produktif yang berdiri sendiri, yang dilakukan oleh orang perorangan atau badan usaha yang bukan merupakan anak perusahaan atau bukan cabang perusahaan yang dimiliki, dikuasai, atau menjadi bagian baik langsung maupun tidak langsung dari Usaha Menengah atau Usaha Besar yang memenuhi kriteria Usaha Kecil sebagaimana dimaksud dalam UU tersebut.
Usaha Menengah
Usaha Menengah adalah usaha ekonomi produktif yang berdiri sendiri, yang dilakukan oleh orang perorangan atau badan usaha yang bukan merupakan anak perusahaan atau cabang perusahaan yang dimiliki, dikuasai, atau menjadi bagian baik langsung maupun tidak langsung dengan Usaha Kecil atau Usaha Besar dengan jumlah kekayaan bersih atau hasil penjualan tahunan sebagaimana diatur dalam UU tersebut.
Usaha Besar
Usaha Besar adalah usaha ekonomi produktif yang dilakukan oleh badan usaha dengan jumlah kekayaan bersih atau hasil penjualan tahunan lebih besar dari Usaha Menengah, yang meliputi usaha nasional milik negara atau swasta, usaha patungan, dan usaha asing yang melakukan kegiatan ekonomi di Indonesia.
Dalam Undang-Undang ini juga mengatur beragam aspek terkait UMKM, seperti asas dan ujuan serta prinsip dan pemberdayaannya. Asas dan tujuannya yaitu bahwa Usaha Mikro, Kecil, dan Menengah berasaskan:  Kekeluargaan
Kemandirian
Demokrasi ekonomi
Kebersamaan
Berkelanjutan
Berwawasan lingkungan
Keseimbangan kemajuan
Efisiensi berkeadilan
Kesatuan ekonomi nasional.
Di Indonesia prinsip pemberdayaan dan tujuan pemberdayaan UMKM juga diatur sebagai berikut:

Penumbuhan kemandirian, kebersamaan, dan kewirausahaan UMKM untuk berkarya dengan prakarsa sendiri
Pengembangan usaha yang berbasis potensi daerah dan berorientasi pasar
Perwujudan kebijakan publik yang transparan, akuntabel dan berkeadilan
Peningkatan daya saing UMKM
Penyelenggaraan perencanaan, pelaksanaan, pengendalian secara terpadu
Kelima hal tersebut dijadikan sebagai prinsip dalam pengembangan dan pemberdayaan UMKM yang dilakukan sebagai tujuan untuk mewujudkan struktur perekonomian nasional yang seimbang, berkembang, dan berkeadilan. Hal lain juga untuk mengembangkan kemampuan UMKM menjadi usaha yang Tangguh dan mandiri, serta meningkatkan peran Usaha Mikro, Kecil, Menengah dalam pembangunan daerah, penciptaan lapangan kerja, pemerataan pendapatan, pertumbuhan ekonomi, dan pengentasan rakyat dari kemiskinan.

Pembahasan lebih lanjut mengenai sistem yang mengatur operasional perusahaan UMKM juga dapat Grameds temukan melalui buku SOP dan KPI untuk UMKM & Startup dibawah ini.Peran UMKM dalam Perekonomian di Indonesia Usaha Mikro, Kecil, dan Menengah sebagai salah satu sektor ekonomi terbesar yang ada di Indonesia tentu memiliki peran yang besar dan penting dalam sektor perekonomian di Indonesia. UMKM dapat dikatakan berperan sebagai penyedia sarana pemerataan tingkat ekonomi rakyat kecil, hal ini dikarenakan UMKM berada di berbagai tempat yang juga menjangkau berbagai daerah yang bisa membantu meningkatkan kualitas ekonomi masyarakat desa. Dengan banyaknya aspek penting yang terkait UMKM di Indonesia, sangat penting untuk memiliki pemahaman lebih lanjut mengenai hal tersebut. Temukan pada buku UMKM Adalah Kunci dibawah ini. Kemudian UMKM juga secara tidak langsung berperan dalam mengatasi masalah kemiskinan yang belum hilang dari Indonesia. Merupakan hal yang tidak mudah bagi Indonesia sebagai negara berkembang untuk meningkatkan kualitas pembangunan sektor ekonomi. Oleh karena itu, UMKM menjadi salah satu jawaban dalam mengentas kemiskinan karena dapat menyerap tenaga kerja yang cukup tinggi. Selain itu, UMKM juga berperan dalam perluasan kesempatan kerja. Seiring dengan terus meningkatnya angka penduduk di Indonesia, UMKM menjadi salah satu solusi dalam meningkatkan kualitas individu. Selain dapat menyerap tenaga kerja, UMKM bisa menjadi pendorong bagi masyarakat lain untuk ikut bersaing sehingga menciptakan usaha dan peluang baru bagi masyarakat lain. Contoh UMKM di Indonesia
UMKM yang ada di Indonesia beragam dan memiliki khasnya masing-masing. Berikut ini adalah beberapa contoh bidang dalam UMKM: 1. UMKM Bidang Kuliner
Usaha di bidang kuliner memang tidak ada habisnya, kita bisa berkreasi dengan berbagai macam ide untuk mengembangkan bisnis tersebut. Begitu pula dengan UMKM, banyak sekali jenis UMKM dalam bidang kuliner.

Meskipun sedang dilanda pandemik, tetapi para wirausaha tidak kehabisan akal. Makanan-makanan yang biasa dijual di pinggir jalan kini bisa dialihkan menjadi makanan berupa frozen food atau makanan kering. Contohnya seperti seblak, mie ayam, sampai lauk-lauk khas nusantara. Kini makanan-makanan itu bisa kita nikmati tanpa harus keluar rumah di tengah situasi pandemik seperti ini.

Bagi Grameds yang tertarik pada UMKM bidang ini, buku Business Plan Usaha Kuliner Skala UMKM dapat dijadikan referensi yang berisikan berbagai ilmu dan wawasan seputar wirausaha kuliner yang dapat langsung diaplikasikan. 2. UMKM Bidang Kecantikan
Kosmetik adalah salah satu yang sangat diperlukan, tidak hanya berkaitan dengan make up. Namun juga skincare yang sangat dibutuhkan oleh masyarakat. Saat ini, banyak muncul jenis-jenis kosmetik yang merupakan UMKM. 3. UMKM Bidang Fashion
Bidang fashion juga selalu berkembang mengikuti trend atau zamannya. Pakaian adalah barang yang sangat dibutuhkan oleh masyarakat, sehingga bisnis jual beli pakaian selalu ramai. Oleh karena itu, banyak sekali UMKM yang membuka usaha pakaian rumahan. Barang yang dijual pun bermacam-macam. Mulai dari pakaian, tas, kerudung, sepatu, dan lain-lain. Umumnya mereka memang tidak memproduksi secara langsung, melainkan menjadi seorang reseller atau impor pakaian thrift untuk dijual kembali. Temukan pembahasan lebih lanjut mengenai hal ini pada buku Menguak Daya Saing UMKM Industri Kreatif. 4. UMKM Bidang Agribisnis
Beberapa waktu ini banyak sekali masyarakat yang tertarik dengan bidang agribisnis. Salah satu contohnya yaitu dengan tanaman hias, banyak sekali masyarakat yang mulai mencari tanaman hias untuk koleksi. Salah satu tanaman yang terkenal adalah tanaman “Janda Bolong”, tanaman ini bahkan mencapai jutaan untuk harganya. Akibatnya, banyak UMKM dalam bidang agribisnis bermunculan. Selain jual beli tanaman, barang yang dijual dalam bidang agribisnis ini bisa berupa alat-alat berkebun, pupuk, bibit tanaman, zat untuk tanaman, dan lain sebagainya.

5. UMKM Bidang Otomotif
Meskipun terlihat sulit, tetapi kini sudah banyak UMKM yang menjajal dunia otomotif. Tidak selalu mengenai mesin, usaha-usaha yang banyak dirintis UMKM di bidang ini seperti bengkel, tempat pencucian motor atau mobil, rental mobil atau motor, sampai usaha jual beli barang-barang yang dibutuhkan oleh kendaraan. Cara Mengembangkan UMKM
1. Meningkatkan kualitas dalam pelayanan
Meningkatkan kualitas pelayanan adalah salah satu cara ampuh untuk mengembangkan UMKM. Cara tersebut akan membuat konsumen menjadi tertarik bahkan nyaman untuk memakai jasa atau produk yang dijual.

Ketika menerima suatu saran bahkan kritik, jangan menganggap itu adalah suatu kegagalan. Justru saran dan kritik tersebut akan membantu untuk mengembangkan lagi kualitas pelayanan atau produk yang dijual. Jangan ragu untuk bertanya mengenai kepuasan pelanggan, jika memungkinkan bahkan bisa belajar dari kompetitor bisnis.

2. Mulai beralih ke media sosial untuk melakukan promosi produk
Media sosial sudah menjadi bagian dari hari-hari seseorang. Bahkan sebagian besar orang lebih sering menggunakan media sosial daripada berinteraksi langsung dengan orang lain. Maka dari itu, media sosial menjadi wadah yang sangat tepat untuk melakukan promosi produk yang dijadikan usaha.

Melalui media sosial, promosi yang dilakukan akan cepat sampai dari satu orang ke orang lain. Bahkan bisa menjangkau seluruh negeri, ini sangat menguntungkan bagi orang yang menjalankan UMKM. Semakin sering melakukan promosi, maka semakin banyak orang yang melihat.

3. Sering melakukan survei atau analisis terhadap perkembangan produk
Jangan lupa untuk melakukan survey dan analisis perkembangan produk yang anda jadikan usaha. Mulailah dengan mereview produk-produk yang sudah anda tawarkan atau jual kepada pelanggan. Terus kenali lebih jauh mengenai produknya, telusuri bisa ada kekurangan yang perlu diperbaiki untuk proses produksi selanjutnya.

Selain itu, perlu juga adanya pengembangan dari produk-produk yang dibuat. Tidak bisa dipungkiri bahwa saat ini apa yang sedang terkenal yang akan lebih diminati, jadi jangan sampai tertinggal dalam mengembangkan produk anda.

Lakukan juga analisis produk di pasaran, juga pada kompetitor. Tidak masalah untuk melihat peluang dari perkembangannya, dengan begitu menjadikan produk yang anda jual lebih baik lagi.

4. Mengikuti acara-acara bazar atau pekan raya untuk mengenalkan produk
Acara-acara besar seperti bazar adalah tempat yang sangat cocok bagi seorang UMKM yang ingin langsung menjelaskan apa yang dijual kepada masyarakat. Melalui acara seperti ini, maka akan memungkinkan menjelaskan lebih detail terkait produk. Selain itu juga bisa dengan leluasa menjawab pertanyaan-pertanyaan pelanggan yang tertarik dari produk tersebut.

Mengikuti acara seperti bazar akan sangat menguntungkan bagi pelaku UMKM, anda juga bisa melihat langsung bagaimana reaksi pelanggan tentang produk yang ditawarkan. Dapat melihat seperti apa produk mana yang lebih diminati pelanggan. Tidak hanya memperkenalkan produk secara langsung, tetapi dapat melihat pangsa pasarnya juga.

5. Menjual produk dengan menggunakan platform e-commerce
Mulai menggunakan platform e-commerce adalah salah satu Langkah yang tepat untuk mengembangkan usaha. Saat ini, berbagai macam produk sudah dijual dalam e-commerce. Menggunakan e-commerce membantu para pegiat umkm dalam mempercepat perkembangan perekonomian usaha mereka.

E-commerce memberikan keuntungan agar memperluas wilayah pasar dari produk yang dihasilkan dari sebuah umkm. Selain itu, promosi yang dilakukan dalam meraih konsumen juga lebih mudah dan efisien tanpa harus tatap muka dengan target pasar dari usaha yang dikembangkan.6. Mencoba menggunakan uang atau pembayaran secara elektronik
Tidak hanya cara penjualan yang sudah berbasis internet, tetapi pembayaran pun juga bisa dilakukan melalui uang elektronik. Banyak orang beralih ke uang elektronik karena dirasa lebih praktis dan sering kali mendapat banyak potongan.

Cobalah untuk mulai menggunakan uang elektronik dalam urusan pembayaran kepada konsumen. Hal itu akan lebih menarik minat konsumen dalam berbelanja, apalagi jika ditambah mendapatkan promo berupa potongan-potongan dengan syarat dan ketentuan khusus.

7. Membangun hubungan baik dan memperluas relasi
Cara lain yang tidak kalah penting yaitu membangun hubungan baik serta memperluas relasi. Selain berhubungan baik dengan pelanggan, cobalah untuk membangun relasi dengan mitra-mitra yang bisa membantu usaha UMKM yang sedang dijalankan.

Khususnya bagi UMKM yang ingin melebarkan sayapnya dengan menambah kemitraan baru. Meskipun memperluas relasi adalah hal yang penting, tetapi perlu juga diingat untuk menemukan yang tepat. Jangan sampai bekerja sama dengan orang yang salah dan membahayakan usaha yang sudah dibangun.

8. Mengikuti perkembangan trend
Untuk memikat pelanggan, produk-produk perlu terus dikembangan menjadi lebih baik dan lebih baru. Jika produk-produk yang ditawarkan kepada pelanggan adalah produk yang sedang terkenal dan banyak diminati, maka peluang pelanggan untuk membeli produk yang ditawarkan akan semakin besar.

Pembahasan mengenai perkembangan UMKM baik usaha mikro, kecil, maupun menengah juga dapat ditemukan melalui buku Pengembangan UMKM: Kebijakan, Strategi, Digital Marketing, dan Model Bisnis UMKM yang ada dibawah ini. ",https://www.gramedia.com/literasi/umkm/
SME,Small and Medium Enterprises (SMEs) Finance,"Small and Medium Enterprises (SMEs) play a major role in most economies, particularly in developing countries. SMEs account for the majority of businesses worldwide and are important contributors to job creation and global economic development. They represent about 90% of businesses and more than 50% of employment worldwide. Formal SMEs contribute up to 40% of national income (GDP) in emerging economies. These numbers are significantly higher when informal SMEs are included.  According to our estimates, 600 million jobs will be needed by 2030 to absorb the growing global workforce, which makes SME development a high priority for many governments around the world. In emerging markets, most formal jobs are generated by SMEs, which create 7 out of 10 jobs. However, access to finance is a key constraint to SME growth, it is the second most cited obstacle facing SMEs to grow their businesses in emerging markets and developing countries. 

SMEs are less likely to be able to obtain bank loans than large firms; instead, they rely on internal funds, or cash from friends and family, to launch and initially run their enterprises. The International Finance Corporation (IFC) estimates that 65 million firms, or 40% of formal micro, small and medium enterprises (MSMEs) in developing countries, have an unmet financing need of $5.2 trillion every year, which is equivalent to 1.4 times the current level of the global MSME lending. East Asia And Pacific accounts for the largest share (46%) of the total global finance gap and is followed by Latin America and the Caribbean (23%) and Europe and Central Asia (15%). The gap volume varies considerably region to region. Latin America and the Caribbean and the Middle East and North Africa regions, in particular, have the highest proportion of the finance gap compared to potential demand, measured at 87% and 88%, respectively. About half of formal SMEs don’t have access to formal credit. The financing gap is even larger when micro and informal enterprises are taken into account. A key area of the World Bank Group’s work is to improve SMEs’ access to finance and find innovative solutions to unlock sources of capital.

Our approach is holistic, combining advisory and lending services to clients to increase the contribution that SMEs can make to the economy including underserved segments such as women owned SMEs.

Advisory and Policy Support for SME finance mainly includes diagnostics, implementation support, global advocacy and knowledge sharing of good practice. For example we provide;

Financial sector assessments to determine areas of improvement in regulatory and policy aspects enabling increased responsible SME access to finance 
Implementation support of initiatives such as development of enabling environment, design and set up of credit guarantee schemes
Improving credit infrastructure (credit reporting systems, secured transactions and collateral registries, and insolvency regimes) which can lead to greater SME access to finance.
Introducing innovation in SME finance such as e-lending platforms, use of alternative data for credit decisioning, e-invoicing, e-factoring and supply chain financing.
Policy work, analytical work, and other Advisory Services can also be provided in support of SME finance activities.
Advocacy for SME finance at global level through participating and supporting G20 Global Partnership for Financial Inclusion, Financial Stability Board, International Credit Committee for Credit Reporting on SME Finance related issues.
Knowledge management tools and flagship publications on good practice, successful models and policy frameworks
Lending Operations:

SME Lines of Credit provide dedicated bank financing – frequently for longer tenors than are generally available in the market – to support SMEs for investment, growth, export, and diversification.
Partial Credit Guarantee Schemes (PCGs) – the design of PCGs is crucial to SMEs’ success, and support can be provided to design and capitalize such facilities.
Early Stage Innovation Finance provides equity and debt/quasi-debt to start up or high growth firms which may otherwise not be able to access bank financing.
Results of Our Work

Early-Stage SME Finance

In Lebanon, the Innovative Small and Medium Enterprises (iSME) project is a $30 million investment lending operation providing equity co-investments in innovative young firms in addition to a grant funding window for seed stage firms. As of August 2019, iSME’s co-investment fund has invested $10.23 million across 22 investments and has been able to leverage $25.47 million in co-financing, demonstrating its ability to crowd in private sector financing and expand the market for early stage equity finance in Lebanon. To date, 60 out of 174 grantees had leveraged the iSME funding to raise a total of $13.1 million from various funding sources, a leverage ratio of 5.3 times. Overall, stakeholders’ consultations suggest that the iSME project could play an even larger role in the future financing of the Venture Capital (VC) sector by supporting existing VCs and emerging players, including increasing attention on a fund of funds approach, which could also cover growth funds (later stage and private equity). 

In India, our MSME Growth, Innovation and Inclusive Finance Project improved access to finance for MSMEs in three vital but underserved segments: early stage/startups, services, and manufacturing. A credit line of $500 million, provided to the Small Industry Development Bank of India (SIDBI), was designed to provide an affordable longer-term source of funding for underserved MSMEs. Technical assistance of about $3.7 million complemented the lending component and focused on capacity building of SIDBI and the participating financial institutions (PFIs). In addition to directly financing MSMEs, disbursing a total of $265 million in loans, the project pushed the frontiers of MSME financing through the development of innovative lending methods that reduced turnaround time, reached more underserved MSMEs, and crowded in more private sector financing. It also reached new clients, women-owned MSMEs, and MSMEs in low-income states. The project supported SIDBI to scale-up of the Fund of Funds for Startups, which aims to indirectly disburse $1.5 billion to startups by 2025. SIDBI’s “contactless lending” platform, a digital MSME lending aggregator and matchmaking platform, has crowded in $1.9 billion of private sector financing for MSMEs, making it the largest online lender in India.

Lines of Credit

In Jordan, two World Bank Group’s lines of credit aim to increase access to finance for MSMEs and ultimately contribute to job creation. The $70 million line of credit encouraged the growth and expansion of new and existing enterprises, increasing outreach to MSMEs, 58% of which were located outside of Amman and 73% were managed by women. The line of credit directed 22% of total funds to start-ups. The project financed 8,149 MSMEs, creating 7,682 jobs, of which 79% employed youth and 42% hired women. The additional financing of $50 Million is progressing well towards achieving its intended objective. $45.2 million has been on-lent to 3,345 MSMEs through nine participating banks. The project is especially benefiting women, who represent 77% of project beneficiaries, and youth (48% of project beneficiaries), and increasing geographical outreach, as 65% of MSMEs are in Governorates outside of Amman.

In Nigeria, the Development Finance Project supports the establishment of the Development Bank of Nigeria (DBN), a wholesale development finance institution that will provide long-term financing and partial credit guarantees to eligible financial intermediaries for on-lending to MSMEs. The project also includes technical assistance to DBN and participating commercial banks in support of downscaling their operations to the underserved MSME segment. As of May 2019, the Development Bank of Nigeria credit line to PFIs for on-lending to MSMEs has disbursed US$243.7 million, reaching nearly 50,000 end-borrowers, of which 70% were women, through 7 banks and 10 microfinance banks.

Partial Credit Guarantees

In Morocco, the MSME Development project aimed to improve access to finance for MSMEs by supporting the provision of credit guarantees by enabling the provider of partial credit guarantees in the Moroccan financial system to scale up its existing MSME guarantee products and introduce a new guarantee product geared towards the very small enterprises (VSEs). As a result of the project, the number and volume of MSME loans are estimated to have increased by 88% and 18%, respectively, since the end of 2011. Cumulative volume of loans backed by the guarantees during the life of the project is estimated at $3.28 billion. With significantly increased lending supported by guarantees, PFIs were able to continue building their knowledge of MSME customers, refining their systems to serve them more effectively and efficiently. Owing to guarantees, many first-time borrowers were able to generate credit history, which made it easier for them to obtain loans in future.

Supporting Women-Owned SMEs

In Ethiopia, the Women Entrepreneurship Development Project (WEDP) is an IDA operation providing loans and business training for growth-oriented women entrepreneurs in Ethiopia. After identifying a persistent ‘missing middle’ financing gap for women entrepreneurs in Ethiopia, WEDP launched as a microfinance institutions’ (MFIs) upscaling operation, helping Ethiopia’s leading MFIs introduce larger, individual-liability loan products tailored to women entrepreneurs. WEDP loans are complemented through provision of innovative, mindset-oriented business training to women entrepreneurs. As of October 2019, more than 14,000 women entrepreneurs took loans and over 20,000 participated in business training provided by WEDP.  66% of WEDP clients were first-time borrowers. As a result of the project, participating MFIs increased the average loan size by 870% to $11,500, reduced the collateral requirements from an average of 200% of the value of the loan to 125%, and started disbursing $30.2 million of their own funds as WEDP loans. The average WEDP loan has resulted in an increase of over 40% in annual profits and nearly 56% in net employment for Ethiopian women entrepreneurs. 

In Bangladesh, the Access to Finance for Women SMEs Project aims to create an enabling environment to expand access to finance to women SMEs (WSME) by supporting the establishment of credit guarantee scheme (CGS), issuance of SME Finance Policy, and strengthening capacity of the regulator and sector. The project supported the issuance of Bangladesh’s maiden SME Finance Policy: stepping stone for boosting SME financing. Bangladesh’s first comprehensive SME Finance Policy was launched in September 2019 through concerted efforts in high-level upstream work, enhancement of the regulator’s capacity, and formulation of key recommendations with a sharper gender lens. In Bangladesh, $2.8 billion financing gap prevails in the MSME sector, where 60% of women SME’s financing needs are unmet, and lack of access to collateral is one of the key hindrances. Bangladesh lacked a single policy with systemic plan to enhance SME finance. With nearly 10 million SMEs contributing to 23% of the GDP, 80% of jobs in the industries sector and 25% of the total labor force, the SME Finance Policy will play a pivotal role in enhance SME financing.

Leasing

In Ethiopia and Guinea, the World Bank Group is supporting the local governments in creating an enabling framework which is conducive to launching and growing leasing operations, as well as attracting investors, to increase access to finance for SMEs. It is doing so by working at the macro, mezzo, and micro levels, supporting the governments with legal and regulatory reforms, and working with industry players to create technical partnerships and increase market awareness and capacity. In Ethiopia, the project generated a $200 million credit facility supporting 7 leasing intuitions and introducing 4 new leasing products into the market: hire purchase, finance lease, microleasing and agrileasing. As of June 2019, 7,186 MSMEs have accessed finance valued at over $147 million. The project in Guinea supported the adoption of the national leasing law and the accompanying prudential guidelines for leasing, which in turn, have helped 3 companies to launch leasing operations. To date, these institutions have supported 31 SMEs through the disbursement of leases valued at $25 million.

Who We Work With

Leveraging our expert knowledge, we work globally with public stakeholders and private sector intermediaries in partnership with other multilateral and bilateral development organizations to support SME Finance development in emerging markets and developing countries.",https://www.worldbank.org/en/topic/smefinance
SME,Small and medium-sized enterprises,"Small and medium-sized enterprises (SMEs) or small and medium-sized businesses (SMBs) are businesses whose personnel and revenue numbers fall below certain limits. The abbreviation ""SME"" is used by international organizations such as the World Bank, the European Union, the United Nations, and the World Trade Organization (WTO).

In any given national economy, SMEs sometimes outnumber large companies by a wide margin and also employ many more people.[1][2] For example, Australian SMEs makeup 98% of all Australian businesses, produce one-third of the total GDP (gross domestic product) and employ 4.7 million people. In Chile, in the commercial year 2014, 98.5% of the firms were classified as SMEs.[3] In Tunisia, the self-employed workers alone account for about 28% of the total non-farm employment, and firms with fewer than 100 employees account for about 62% of total employment.[4] The United States' SMEs generate half of all U.S. jobs, but only 40% of GDP.[5]

Developing countries tend to have a larger share of small and medium-sized enterprises.[6][2] SMEs are also responsible for driving innovation and competition in many economic sectors.[7] Although they create more new jobs than large firms, SMEs also suffer the majority of job destruction/contraction. Overview SMEs are important for economic and social reasons, given the sector's role in employment. Due to their sizes, SMEs are heavily influenced by their Chief Executive Officer, a.k.a. CEOs. The CEOs of SMEs are often the founders, owners, and managers of the SMEs. The duties of the CEO in a SME mirror those of the CEO of a large company: the CEO needs to strategically allocate their time, energy, and assets to direct the SMEs. Typically, the CEO is the strategist, champion and leader for developing the SME or the prime reason for the business failing.[citation needed]

This definition is provided in Section 7 of Micro, Small & Medium Enterprises Development Act, 2006 (MSMED Act) and was notified in September 2006. The Act provides for the classification of enterprises based on their investment size and the nature of the activity undertaken by that enterprise. As per MSMED Act, enterprises are classified into two categories - manufacturing enterprises and service enterprises. For each of these categories, a definition is given to explain what constitutes a micro-enterprise or a small enterprise or a medium enterprise. In India, if an enterprise does not fall under the above categories, it would be considered a large-scale enterprise.

At the employee level, Petrakis and Kostis (2012) explore the role of interpersonal trust and knowledge in the number of small and medium enterprises. They conclude that knowledge positively affects the number of SMEs, which in turn positively affects interpersonal trust. Note that the empirical results indicate that interpersonal trust does not affect the number of SMEs. Therefore, although knowledge development can reinforce SMEs, trust becomes widespread in a society when the number of SMEs is greater. Legal boundary on SMEs around the world African small businesses frequently struggle to get the cash they require to thrive. According to the SME Finance Forum, the formal financing gap for African SMEs averaged 17% of GDP across the 43 countries assessed in 2017.[13][14]

According to the World Bank, women own 58% of all MSMEs in Africa.[13][15][16]

The European Investment Bank's Banking in Africa survey, 2021 suggests that most of the responding banks had a non-performing loan (NPL) ratio of at least 5%. NPLs account for at least 10% of the SME portfolio in approximately one-third of African banks. Furthermore, 50% of the banks had at least 5% of their SME portfolio under the moratorium, and 40% had at least 5% of SME loans under some type of restructuring. In Kenya, the term changed to MSME, which stands for ""micro, small, and medium-sized enterprises"".

For micro-enterprises, the minimum number of employees is up to 10 employees. For small enterprises, it is from 10 to 50. For medium enterprises, it is from 50 to 100 The Central Bank of Nigeria defines small and medium enterprises in Nigeria according to asset base and a number of staff employed. The criteria are an asset base that is between ₦5 million ($15,400) to ₦500 million ($1,538,000), and a staff strength that is between 11 and 100 employees. In Somalia, the term is SME (for ""small, medium, and micro enterprises""); elsewhere in Africa, MSME stands for ""micro, small, and medium enterprises"". An SME is defined as a small business that has more than 30 employees but less than 250 employees. SMEs account for nearly 90% of all company entities in developing Asian countries and are the principal private sector employers, supplying 50-80% of all jobs. [20]

SMEs cover 97-99% of all firms in South-east Asia, contributing considerably to each country's GDP—for example, 46% in Singapore, 57% in Indonesia, and over 40% in other nations. Hong Kong defines Small and Medium Enterprises (SMEs) as any manufacturing business that employs less than 100 people or any non-manufacturing business that employs less than 50 people.[22]

98% of business establishments in Hong Kong are defined as SMEs and employed 45% of the work force. In Indonesia, the government defines micro, small, and medium enterprises (Indonesian: usaha mikro kecil menengah, UMKM) based on their assets and revenues according to Law No. 20/2008 An annual revenue of Rp 50 billion is approximately equal to US$3.7 million as of November 2017.

Despite their significant contribution to GDP and job creation, Indonesian MSMEs confront a number of obstacles. One of the most significant is capital access: 60-70 percent of MSMEs lack access to financial institutions and their funding options. Other restrictions include inadequate infrastructure, difficulties acquiring company licences and permissions, high tax rates, political insecurity, and improving their brand image in the digital era. .[26] Companies nowadays utilise websites and social media platforms as strategic communication tools to communicate not only their company profiles, but also the products or services they offer to their target market. Therefore, examining the key roles of websites and social media in the formation of a brand's image is critical for firms to remain competitive in today's tight business environment. Companies can also combined between enhancing their website's quality and brand awareness. a successful brand awareness is when customers could recall and recognise the brand. Not only from websites that company could increase their brand awareness, social media could also increase brand awareness. If the company can deliver interesting and useful material, it may enhance interaction with its social media channels, resulting in increased consumer brand recognition.[27] Company could also have bigger potential to be funded by Bank Indonesia if the company could attract consumer either international or local.According to the Department of Trade and Industry's 2020 List of Establishments report, there are 957,620 registered business enterprises operating in the country, composed of 99.51% MSMEs and 0.49% large firms. The MSMEs consist of 88.77% microenterprises, 10.25% small enterprises, and 0.49% medium enterprises. Among the top industry sectors include (1) wholesale and retail trade; repair of motor vehicles and motorcycles (445,386); (2) accommodation and food service activities (134,046); (3) manufacturing (110,916); (4) other service activities (62,376); and (5) financial and insurance activities (45,558) which accounted for about 83.77% of the total number of MSME establishments. Prior to the pandemic, MSMEs generated more than 5.38 million jobs or 62.66% of the country's total employment with a 29.38% share from micro-enterprises followed by 25.78% and 7.50% for small and medium enterprises. With effect from 1 April 2011, the definition of SMEs is businesses with annual sales turnover of not more than $100 million or employing no more than 200 staff. In the United States, the Small Business Administration sets small business criteria based on industry, ownership structure, revenue and number of employees (which in some circumstances may be as high as 1500, although the cap is typically 500).[66] Both the US and the EU generally use the same threshold of fewer than 10 employees for small offices (SOHO)In Australia, a SME has 200 or fewer employees. Micro Businesses have 1–4 employees, small businesses 5–19, medium businesses 20–199, and large businesses 200+.[67] Australian SMEs make up 98% of all Australian businesses, produce one-third of total GDP, and employ 4.7 million people. SMEs represent 90 per cent of all goods exporters and over 60% of services exporters.In New Zealand, 99% of businesses employ 50 or less staff, and the official definition of a small business is one with 19 or fewer employees.[69][70] It is estimated that approximately 28% of New Zealand's gross domestic product is produced by companies with fewer than 20 employees In the United Kingdom (UK), a company is defined as being an SME if it meets two out of three criteria: it has a turnover of less than £25m, it has fewer than 250 employees, it has gross assets of less than £12.5m.[57] Very small companies are called in the UK micro-entities, which have simpler financial reporting requirements. Such micro-enterprises must meet any two of the following criteria: balance sheet £316,000 or less; turnover £632,000 or less; employees 10 or less.[58]

Many small and medium-sized businesses form part of the UK's currently growing Mittelstand, or Brittelstand as it is also sometimes named.[59] These are businesses in Britain that are not only small or medium but also have a much broader set of values and more elastic definition.

The Department for Business Innovation and Skills estimated that at the start of 2014, 99.3% of UK private sector businesses were SMEs, with their £1.6 trillion annual turnover accounting for 47% of private sector turnover.[60][61]

In order to support SMEs, the UK government set a target in 2010 ""that 25% of government’s spend, either directly or in supply chains, goes to SMEs by 2015""; it achieved this by 2013. The SME sector in Poland generates almost 50% of the GDP, and out of that, for instance, in 2011, micro companies generated 29.6%, small companies 7.7%, and medium companies 10.4% (big companies 24.0%; other entities 16.5%, and revenues from customs duties and taxes generated 11.9%). In 2011, out of the total of 1,784,603 entities operating in Poland, merely 3,189 were classified as ""large"", so 1,781,414 were micro, small, or medium. SMEs employed 6.3 million people out of the total of 9.0 million of labour employed in the private sector. In Poland in 2011 there were 36.2 SMEs per 1,000 inhabitants.[55]

Nearly seven million people are employed by small businesses in Poland, which accounts for around half of the country's GDP, yet smaller businesses are less likely than larger ones to invest in strategies to combat climate change or boost energy efficiency. In October 2021, the Bank Ochrony rodowiska, a Polish bank that specializes in funding environmental protection initiatives received €75 million from the European Investment Bank (EIB) for these small enterprises.[56]

The Polish bank wants to use at least 50% of the loan for initiatives with a clear emphasis on tackling climate change, such improving building energy efficiency or turning to renewable energy sources like solar power. The money is set to be distributed across Poland, with around 80% of it projected to go to cohesive regions.",https://en.wikipedia.org/wiki/Small_and_medium-sized_enterprises
